Model,MAE,MSE,RMSE,R2,Comments,Execution Time,Run At
Prophet,0.030966396776207,0.0015319000723791,0.0391394950450197,0.4447829776406785,Refactor code run 5 with three parameters,1.114314079284668,20250516_092535
Prophet,0.0361793852139813,0.0022565426374386,0.0475030802942151,0.1821458157908674,Revised model with hyperparameter tuning and -ve price Run,2.3988490104675293,20250516_092722
Prophet,0.0361975729172694,0.0022619528905977,0.0475599925420276,0.1801849407290061,Revised model with hyperparameter tuning and -ve price Run,42.22490906715393,20250516_092852
Prophet,0.0361975729172694,0.0022619528905977,0.0475599925420276,0.1801849407290061,Revised model with hyperparameter tuning and -ve price Run,32.254749059677124,20250516_093016
Prophet,0.035873544788767586,0.0020751621558812057,0.04555394775297972,0.2478847844743951,Revised model with hyperparameter tuning and -ve price Run,1.795738935470581,20250516_093145
