Model,MAE,MSE,RMSE,R2,Comments,Execution Time,Run At
Prophet,28.05195868470978,1184.7415783156716,34.42007522239996,-0.0667343802333793,First Model Run,0.809762716293335,20250515_131629
Prophet,0.0280377614288651,0.0011837267688077,0.0344053305289708,-0.0658206516943271,All attributes Model Run,0.6825180053710938,20250515_132216
Prophet,0.0526867495387486,0.004819825071045,0.0694249600003132,-0.2935977107425853,All attributes with -ve values for Price Model Run,0.6430001258850098,20250515_132319
Prophet,0.04562526717066893,0.0035209631490110554,0.059337704278233205,0.05500515018025398,All data with hyperparameter tuning Model Run,0.39853525161743164,20250515_132909
