Model,MAE,MSE,RMSE,R2,Comments,Execution Time,Run At
Prophet,28.05195868470978,1184.7415783156716,34.42007522239996,-0.0667343802333793,First Model Run,0.809762716293335,20250515_131629
