Model,Bias,MAE,RMSE
Random Forest,0.003132,0.025476,0.035374
Oxygent,0.006267,0.058853,0.077176
Naive,0.006511,0.030525,0.042212
