Horizon,RMSE
rmse_horizon_1,0.0880410817960294
rmse_horizon_2,0.08478721708645427
rmse_horizon_3,0.0985696683469307
rmse_horizon_4,0.10475408433101477
rmse_horizon_5,0.12955419790231054
rmse_horizon_6,0.11381215254441997
rmse_horizon_7,0.15304115385049455
