Horizon,RMSE
rmse_horizon_1,0.013304994007321935
rmse_horizon_2,0.019577129276977082
rmse_horizon_3,0.02930099639711909
rmse_horizon_4,0.016537103628070954
rmse_horizon_5,0.04286648566615485
rmse_horizon_6,0.04517176166416338
rmse_horizon_7,0.028294046198153608
