Horizon,RMSE
rmse_horizon_1,0.16977822602253378
rmse_horizon_2,0.17818195381847832
rmse_horizon_3,0.1332856985428662
rmse_horizon_4,0.07705159165468986
rmse_horizon_5,0.12452696382224629
rmse_horizon_6,0.12644672746883143
rmse_horizon_7,0.0828722060435092
