Model,MAE,MSE,RMSE,R2,Comments,Execution Time,Run At
Prophet,0.0644946985062884,0.0080311523785111,0.0896166969850547,-0.9601222006542612,run on 21st May with merge file,4.330853700637817,20250521_162805
Prophet,0.0644946985062884,0.0080311523785111,0.0896166969850547,-0.9601222006542612,run on 21st May with merge file,6.633127212524414,20250521_163603
Prophet,0.0621237951950324,0.0076162642501516,0.0872712108896834,-0.8588625815040474,run on 21st May with merge file,2.039297103881836,20250523_121027
Prophet,0.0621237951950324,0.0076162642501516,0.0872712108896834,-0.8588625815040474,run on 22nd May with refresh data,1.860503911972046,20250523_121110
Prophet,0.0644946985062884,0.0080311523785111,0.0896166969850547,-0.9601222006542612,run on 22nd May 5 PM with refresh data,4.423352718353272,20250523_165602
Prophet,0.0647971653781129,0.0061700684016467,0.0785497829509844,-0.9193989379136416,run on 24th May refresh data,5.650108814239502,20250524_094428
Prophet,0.03807274077848862,0.002379507327165875,0.04878019400500448,0.2597774385611461,run on 24th May refresh data,2.617216110229492,20250527_144428
