Model,MAE,MSE,RMSE,R2,Comments,Execution Time,Run At
Prophet,0.0644946985062884,0.0080311523785111,0.0896166969850547,-0.9601222006542612,run on 21st May with merge file,4.330853700637817,20250521_162805
Prophet,0.0644946985062884,0.008031152378511111,0.0896166969850547,-0.9601222006542613,run on 21st May with merge file,6.633127212524414,20250521_163603
