Model,MAE,MSE,RMSE,R2,Comments,Execution Time,Run At
Prophet,0.0644946985062884,0.0080311523785111,0.0896166969850547,-0.9601222006542612,run on 21st May with merge file,4.330853700637817,20250521_162805
Prophet,0.0644946985062884,0.0080311523785111,0.0896166969850547,-0.9601222006542612,run on 21st May with merge file,6.633127212524414,20250521_163603
Prophet,0.0621237951950324,0.0076162642501516,0.0872712108896834,-0.8588625815040474,run on 21st May with merge file,2.039297103881836,20250523_121027
Prophet,0.062123795195032444,0.007616264250151601,0.08727121088968344,-0.8588625815040474,run on 22nd May with refresh data,1.860503911972046,20250523_121110
